{"cameraMode":{"drawMode":0,"name":"Shaded","section":"Shading Mode"},"sceneLighting":true,"audioPlay":false,"sceneViewState":{"m_AlwaysRefresh":false,"showFog":true,"showSkybox":false,"showFlares":true,"showImageEffects":true,"showParticleSystems":true,"showVisualEffectGraphs":true,"m_FxEnabled":true},"in2DMode":false,"pivot":{"x":0.06319442391395569,"y":0.13003292679786683,"z":1.8180441856384278},"rotation":{"x":0.40915125608444216,"y":0.21948878467082978,"z":-0.10208659619092941,"w":0.879784882068634},"size":0.3473111391067505,"orthographic":false}